{
  "gap": {
    "median": 2.3118,
    "iqr": 0.664525
  },
  "homo": {
    "median": -5.0996854492026,
    "iqr": 0.5333431236559987
  },
  "lumo": {
    "median": -2.4936512169304,
    "iqr": 0.7039585004559501
  },
  "spectral_overlap": {
    "median": 2136.602898790323,
    "iqr": 2535.280241430085
  },
  "homo_extrapolated": {
    "median": -4.798727543710999,
    "iqr": 0.5676294673196036
  },
  "lumo_extrapolated": {
    "median": -2.8952912427039994,
    "iqr": 0.6134806491230504
  },
  "gap_extrapolated": {
    "median": 1.6067,
    "iqr": 0.5525249999999999
  },
  "optical_lumo_extrapolated": {
    "median": -3.1918718625138,
    "iqr": 0.5853598978923
  }
}