{
  "logP": {
    "median": 2.6058,
    "iqr": 1.91178
  },
  "qed": {
    "median": 0.759666130217,
    "iqr": 0.18980058038699998
  },
  "SAS": {
    "median": 2.8928366532893355,
    "iqr": 1.1290222558465914
  }
}